Manchester United,1,2,1,1,1,3,1,3,3,2,1,1,1,2,1,2,1,7,4,5,6
Newcastle United,2,13,13,11,11,4,3,5,14,7,13,12,18,21,12,5,16,10,15,18,21
Arsenal,3,1,2,2,2,1,2,1,2,4,4,3,4,3,4,3,4,4,3,2,5
Liverpool,4,3,7,4,3,2,5,4,5,3,3,4,2,7,6,8,7,2,6,8,4
Aston Villa,5,7,6,6,8,8,16,6,10,16,11,6,6,6,9,16,15,15,17,20,33
Chelsea,6,4,3,5,6,6,4,2,1,1,2,2,3,1,2,6,3,3,1,10,1
Sheffield Wednesday,7,16,12,19,37,40,42,60,49,39,29,36,32,42,59,46,38,36,33,26,24
Wimbledon,8,15,16,18,28,29,30,44,#N/A,#N/A,#N/A,#N/A,#N/A,#N/A,#N/A,#N/A,#N/A,#N/A,#N/A,#N/A,#N/A
Leicester City,9,10,10,8,13,20,22,18,35,36,39,42,45,25,30,29,26,21,14,1,12
Tottenham Hotspur,10,14,11,10,12,9,10,14,9,5,5,11,8,4,5,4,5,6,5,3,2
Leeds United,11,5,4,3,4,5,15,19,34,25,44,49,48,46,27,34,33,35,35,33,27
Derby County,12,9,8,16,17,19,38,40,24,40,23,20,38,34,39,32,30,23,28,25,29
Blackburn Rovers,13,6,19,31,22,10,6,15,15,6,10,7,15,10,15,19,37,28,29,35,42
West Ham United,14,8,5,9,15,7,18,24,26,9,15,10,9,17,20,23,10,13,12,7,11
Everton,15,17,14,13,16,15,7,17,4,11,6,5,5,8,7,7,6,5,11,11,7
Southampton,16,12,17,15,10,11,8,12,20,32,26,40,43,51,46,22,14,8,7,6,8
Coventry City,17,11,15,14,19,31,40,32,39,28,37,41,37,39,38,43,59,62,61,52,67
Sunderland,18,23,21,7,7,17,20,23,21,20,21,15,16,13,10,13,17,14,16,17,20
Middlesbrough,19,22,9,12,14,12,11,11,7,14,12,13,19,31,32,27,36,32,24,22,19
Nottingham Forest,20,21,20,34,31,36,26,34,43,51,48,46,39,23,26,39,28,31,34,36,41
Bolton Wanderers,21,18,26,26,23,16,17,8,6,8,7,16,13,14,14,18,27,34,38,44,46
Barnsley,22,19,33,24,36,43,63,56,57,49,40,38,40,38,37,41,41,43,55,50,34
Wolverhampton Wanderers,23,29,27,27,32,23,25,20,29,27,25,27,21,15,17,20,43,45,27,34,35
Ipswich Town,24,25,23,23,5,18,27,25,23,35,34,28,29,35,33,35,34,29,26,27,36
Sheffield United,25,26,28,36,30,33,23,28,28,22,18,29,23,28,43,47,49,51,49,55,45
Crystal Palace,26,20,34,35,41,30,34,26,18,26,32,25,35,41,40,37,25,11,10,15,14
Portsmouth,27,40,39,38,40,37,21,13,16,17,9,8,14,20,36,42,66,81,84,74,69
Port Vale,28,39,41,43,55,58,61,51,62,57,56,67,86,78,79,77,71,53,62,56,65
Queens Park Rangers,29,41,40,30,43,52,48,46,31,41,38,34,31,33,21,17,20,24,20,32,38
Birmingham City,30,27,24,25,25,25,13,10,12,18,22,19,22,9,18,24,32,41,30,30,39
Tranmere Rovers,31,34,35,33,44,56,51,52,47,62,53,55,51,64,62,56,55,65,92,98,94
Stoke City,32,43,52,50,49,49,41,31,32,33,28,22,12,11,13,14,13,9,9,9,13
Norwich City,33,35,29,32,35,26,28,21,19,29,36,37,42,45,22,12,11,18,23,19,28
Manchester City,34,42,47,22,18,21,9,16,8,15,14,9,10,5,3,1,2,1,2,4,3
Charlton Athletic,35,24,18,21,9,14,12,7,11,13,19,31,44,48,57,45,29,38,32,42,57
West Bromwich Albion,36,30,32,41,26,22,19,22,17,19,24,21,20,22,11,10,8,17,13,14,10
Oxford United,37,32,43,64,68,89,76,77,83,91,94,100,99,95,80,76,77,76,81,70,52
Reading,38,44,55,54,47,46,24,29,27,21,8,18,24,29,25,21,19,27,39,37,23
Swindon Town,39,38,37,44,64,57,54,49,56,67,71,57,60,49,68,69,50,52,48,60,66
Huddersfield Town,40,36,30,28,42,50,66,72,52,48,59,54,53,50,47,48,39,37,36,39,25
Bradford City,41,33,22,17,20,35,39,43,55,55,66,78,77,82,86,86,75,55,51,49,49
Grimsby Town,42,47,31,40,38,39,44,65,86,72,83,84,90,91,103,103,96,96,95,96,82
Oldham Athletic,43,57,64,58,59,53,49,59,63,54,50,52,54,61,61,60,63,59,59,61,61
Southend United,44,68,86,84,79,81,85,85,72,45,42,50,52,67,81,72,79,73,73,59,51
Bury,45,37,42,59,60,66,75,81,85,87,89,81,72,77,70,58,67,80,71,58,63
Stockport County,46,28,36,37,39,44,58,63,68,90,76,72,58,68,92,108,113,130,127,125,124
Luton Town,47,61,56,57,66,70,53,54,45,30,43,68,92,94,95,97,99,93,76,79,72
Brentford,48,65,69,61,58,47,60,61,48,47,68,82,69,53,55,53,47,46,25,29,30
Bristol City,49,46,44,53,53,51,47,47,51,53,46,24,30,30,35,40,44,56,45,38,37
Crewe Alexandra,50,31,38,39,34,42,46,38,41,42,57,64,66,86,78,75,57,63,64,68,85
Blackpool,51,56,58,66,75,60,57,58,60,63,47,39,36,26,19,25,35,40,44,66,75
Wrexham,52,51,61,55,54,67,71,57,66,81,87,92,102,103,96,94,97,109,103,100,105
Burnley,53,64,59,46,27,27,36,39,33,37,35,33,25,18,28,33,31,22,19,21,16
Chesterfield,54,54,53,68,71,62,64,64,61,60,65,76,78,76,69,66,76,69,50,62,68
Gillingham,55,52,48,47,33,32,31,41,42,58,60,66,73,65,76,79,69,61,56,53,64
Walsall,56,63,46,42,48,38,37,42,58,68,69,56,57,54,64,63,53,57,58,47,58
Watford,57,45,25,20,29,34,33,36,38,23,20,26,33,36,34,31,23,33,22,13,17
Millwall,58,62,54,49,45,24,29,30,30,43,54,61,49,47,29,36,40,39,42,48,50
Preston North End,59,59,49,45,24,28,32,35,25,24,27,35,26,37,42,59,58,49,47,31,31
AFC Bournemouth,60,53,51,60,51,65,72,53,53,61,63,65,89,70,50,55,46,30,21,16,9
Bristol Rovers,61,49,57,51,65,91,88,82,80,80,74,60,55,55,66,81,82,91,94,71,54
Wycombe Wanderers,62,58,63,56,57,55,62,68,78,74,80,75,71,66,71,65,83,90,72,81,77
Plymouth Argyle,63,66,81,80,80,69,52,45,37,34,31,30,41,43,67,89,89,78,75,73,70
York City,64,60,65,88,85,82,78,92,109,100,96,106,109,97,100,96,85,75,86,92,113
Peterborough United,65,78,77,73,56,61,55,62,67,77,78,70,46,44,48,38,42,50,53,57,55
Shrewsbury Town,66,81,83,90,83,77,92,95,89,78,75,86,75,80,72,70,60,67,70,64,62
Rotherham United,67,77,73,70,46,41,35,37,44,64,67,77,82,73,77,80,70,48,40,41,44
Notts County,68,69,60,52,52,63,59,67,87,89,81,89,87,69,63,51,56,64,65,85,84
Wigan Athletic,69,55,50,48,50,54,45,27,22,10,17,14,11,16,16,15,18,25,43,45,43
Fulham,70,50,45,29,21,13,14,9,13,12,16,17,7,12,8,9,12,19,37,40,26
Carlisle United,71,67,91,91,90,85,90,91,95,69,52,48,64,58,56,52,61,66,88,78,74
Northampton Town,72,48,66,71,62,64,68,74,75,70,58,53,65,79,84,88,74,89,80,69,60
Swansea City,73,88,75,69,67,88,89,78,71,50,51,45,28,27,23,11,9,12,8,12,15
Chester City,74,82,82,92,100,106,96,93,88,83,86,90,91,#N/A,#N/A,#N/A,#N/A,#N/A,#N/A,#N/A,#N/A
Cardiff City,75,89,71,65,70,48,50,33,36,31,33,32,27,24,24,26,21,20,31,28,32
Colchester United,76,72,62,62,61,59,56,55,59,46,30,44,56,52,54,54,64,60,63,67,76
Lincoln City,77,71,67,83,86,90,74,75,74,75,73,83,81,88,91,109,108,106,107,105,93
Cambridge United,78,84,70,63,63,68,80,80,91,104,109,94,95,102,109,101,106,94,87,77,79
Mansfield Town,79,80,76,85,81,71,67,73,81,84,85,91,104,101,104,95,93,79,89,80,80
Scarborough,80,74,92,96,102,104,99,107,105,113,136,#N/A,#N/A,#N/A,#N/A,#N/A,#N/A,#N/A,#N/A,#N/A,#N/A
Scunthorpe United,81,76,72,67,78,76,73,90,70,56,45,43,50,40,44,62,65,70,60,51,47
Rochdale,82,86,87,78,76,73,87,89,77,82,77,73,74,71,53,68,80,71,52,54,53
Barnet,83,75,84,74,92,97,103,96,93,86,82,80,85,89,90,90,91,100,93,83,83
Leyton Orient,84,79,74,87,73,86,86,87,79,71,64,58,59,62,51,64,51,47,67,76,92
Hull City,85,90,89,82,74,79,81,70,46,38,41,23,17,19,31,28,22,16,18,24,18
Darlington,86,87,79,72,88,83,82,86,76,76,79,74,80,92,99,114,#N/A,#N/A,#N/A,#N/A,#N/A
Doncaster Rovers,87,92,108,104,101,96,95,69,54,52,55,47,34,32,41,44,45,42,57,65,71
Hartlepool United,88,85,90,75,72,75,70,50,50,65,70,59,63,60,60,57,68,88,90,84,91
Torquay United,89,73,88,77,89,87,77,71,65,88,92,95,96,85,75,73,87,92,105,110,109
Exeter City,90,83,80,89,87,84,91,98,98,99,97,96,70,63,52,67,78,85,78,82,73
Brighton & Hove Albion,91,91,85,79,69,45,43,48,40,44,62,51,61,57,45,30,24,26,41,23,22
Hereford United,92,98,105,100,103,109,98,94,94,94,84,71,68,84,89,91,98,112,#N/A,#N/A,#N/A
Macclesfield Town,93,70,68,81,82,80,84,88,73,85,90,87,88,87,83,92,103,107,98,102,101
Halifax Town,111,93,78,86,91,92,100,111,101,96,108,112,#N/A,#N/A,#N/A,#N/A,#N/A,#N/A,#N/A,#N/A,#N/A
Cheltenham Town,120,94,93,76,77,72,65,84,82,73,61,63,67,90,85,74,73,86,91,93,89
Kidderminster Harriers,94,109,107,93,84,78,79,83,92,107,102,105,98,105,98,98,94,99,108,115,117
Rushden & Diamonds,104,96,96,94,93,74,69,66,90,92,104,108,103,96,105,#N/A,#N/A,#N/A,#N/A,#N/A,#N/A
Boston United,120,116,116,115,104,93,83,79,84,79,91,126,154,141,119,127,132,122,119,121,131
Yeovil Town,115,103,97,99,94,95,93,76,69,59,49,62,62,59,58,61,48,44,68,87,88
Milton Keynes Dons,#N/A,#N/A,#N/A,#N/A,#N/A,#N/A,#N/A,#N/A,64,66,72,69,47,56,49,49,52,54,46,43,56
Accrington Stanley,125,134,136,137,123,120,115,102,102,93,88,85,84,83,73,82,86,83,85,72,81
Dagenham & Redbridge,118,118,117,115,95,94,97,105,103,102,93,88,76,75,65,87,90,77,82,91,96
Morecambe,96,97,106,95,111,98,94,99,99,97,95,79,79,72,88,83,84,87,79,89,86
Aldershot Town,143,137,121,116,118,117,115,97,96,105,101,93,83,74,82,78,92,111,110,107,97
Burton Albion,142,139,149,138,138,115,108,106,108,101,98,97,93,81,87,85,72,74,69,46,40
Stevenage Borough,95,107,98,102,99,103,104,100,97,98,100,98,97,93,74,50,62,68,74,86,78
Crawley Town,131,124,125,126,125,118,121,115,104,109,110,107,101,99,93,71,54,58,66,88,87
AFC Wimbledon,#N/A,#N/A,#N/A,#N/A,#N/A,#N/A,207,181,159,140,143,141,117,100,94,84,88,84,83,75,59
Fleetwood Town,#N/A,#N/A,#N/A,#N/A,#N/A,#N/A,190,183,181,162,146,139,124,118,97,93,81,72,54,63,48
Newport County,#N/A,#N/A,#N/A,121,124,119,124,121,132,132,122,125,126,117,101,111,95,82,77,90,90